{
  "mapdatadtos":[{"mapid":1,"gridMap":[{"rows":[1,1,1,1,1,1,1,1,1,1]},{"rows":[1,1,1,1,1,1,1,1,1,1]},{"rows":[1,1,1,1,1,1,1,1,1,1]},{"rows":[1,1,1,1,1,1,1,1,1,1]},{"rows":[1,1,1,1,1,1,1,1,1,1]}],"myCharacter":[{"_class":0,"pos":{"x":2,"y":3,"hasObstacle":false,"gCost":0,"hCost":0}},{"_class":1,"pos":{"x":2,"y":2,"hasObstacle":false,"gCost":0,"hCost":0}},{"_class":2,"pos":{"x":2,"y":1,"hasObstacle":false,"gCost":0,"hCost":0}}],"enemyCharacter":[{"_class":0,"pos":{"x":2,"y":6,"hasObstacle":false,"gCost":0,"hCost":0}},{"_class":1,"pos":{"x":1,"y":7,"hasObstacle":false,"gCost":0,"hCost":0}},{"_class":2,"pos":{"x":1,"y":9,"hasObstacle":false,"gCost":0,"hCost":0}}]},
    {"mapid":2,"gridMap":[{"rows":[1,1,1,1,1,1,1,1,1,1]},{"rows":[1,1,1,1,1,1,1,1,1,1]},{"rows":[1,1,1,1,1,1,1,1,1,1]},{"rows":[1,1,1,1,1,1,1,1,1,1]},{"rows":[1,1,1,1,1,1,1,1,1,1]}],"myCharacter":[{"_class":0,"pos":{"x":2,"y":3,"hasObstacle":false,"gCost":0,"hCost":0}}],"enemyCharacter":[{"_class":1,"pos":{"x":1,"y":9,"hasObstacle":false,"gCost":0,"hCost":0}}]}]
}